,"Year","2018",,,,,,,,,,,,,,,,,,,,,,,,,,,,
,"Province (NUTS 2 unit)","Vienna <AT13>",,,,,,,,,,,,,,"Not classifiable <0>",,,,,,,,,,,,,,
,"Useful energy category","Space and water heating","Space and water heating - Annotations","Process heat <200 �C","Process heat <200 �C - Annotations","Process heat >200 �C","Process heat >200 �C - Annotations","Stationary engines","Stationary engines - Annotations","Traction","Traction - Annotations","Lighting and computing","Lighting and computing - Annotations","Electrochemical purposes","Electrochemical purposes - Annotations","Space and water heating","Space and water heating - Annotations","Process heat <200 �C","Process heat <200 �C - Annotations","Process heat >200 �C","Process heat >200 �C - Annotations","Stationary engines","Stationary engines - Annotations","Traction","Traction - Annotations","Lighting and computing","Lighting and computing - Annotations","Electrochemical purposes","Electrochemical purposes - Annotations",
"Sector","Fuels aggregated",
"Iron and steel","Hard coal",-,,-,,0.0000252,,-,,-,,-,,-,,-,,-,,-,,-,,-,,-,,-,,
,"Brown coal",-,,-,,-,,-,,-,,-,,-,,-,,-,,-,,-,,-,,-,,-,,
,"Coke",-,,-,,0.8492766,,-,,-,,-,,-,,-,,-,,-,,-,,-,,-,,-,,
,"Petrol coke",-,,-,,-,,-,,-,,-,,-,,-,,-,,-,,-,,-,,-,,-,,
,"Fuel oil",0.0008053,,0.0069984,,-,,-,,-,,-,,-,,-,,-,,-,,-,,-,,-,,-,,
,"Gas oil for heating purposes",0.0020871,,0.0007845,,-,,-,,-,,-,,-,,-,,-,,-,,-,,-,,-,,-,,
,"Diesel",-,,-,,-,,0.0068013,,-,,-,,-,,-,,-,,-,,-,,-,,-,,-,,
,"Gasoline",-,,-,,-,,-,,-,,-,,-,,-,,-,,-,,-,,-,,-,,-,,
,"Kerosene",-,,-,,-,,-,,-,,-,,-,,-,,-,,-,,-,,-,,-,,-,,
,"LPG",-,,-,,0.0155573,,-,,-,,-,,-,,-,,-,,-,,-,,-,,-,,-,,
,"Natural gas",0.1587548,,0.0692008,,3.8426796,,-,,-,,-,,-,,-,,-,,-,,-,,-,,-,,-,,
,"Electricity",0.0639229,,0.0023675,,0.7505022,,1.4399224,,-,,0.1089057,,0.001894,,-,,-,,-,,-,,-,,-,,-,,
,"District heat",0.0100589,,-,,0.0661448,,-,,-,,-,,-,,-,,-,,-,,-,,-,,-,,-,,
,"Fuel wood",-,,-,,-,,-,,-,,-,,-,,-,,-,,-,,-,,-,,-,,-,,
,"Biofuels",0.0034366,,-,,0.0073028,,-,,-,,-,,-,,-,,-,,-,,-,,-,,-,,-,,
,"Non-renewable waste",-,,-,,-,,-,,-,,-,,-,,-,,-,,-,,-,,-,,-,,-,,
,"Other fuels",-,,-,,-,,-,,-,,-,,-,,-,,-,,-,,-,,-,,-,,-,,
"Chemical and petrochemical","Hard coal",-,,-,,-,,-,,-,,-,,-,,-,,-,,-,,-,,-,,-,,-,,
,"Brown coal",-,,-,,-,,-,,-,,-,,-,,-,,-,,-,,-,,-,,-,,-,,
,"Coke",-,,-,,-,,-,,-,,-,,-,,-,,-,,-,,-,,-,,-,,-,,
,"Petrol coke",-,,-,,-,,-,,-,,-,,-,,-,,-,,-,,-,,-,,-,,-,,
,"Fuel oil",2.703153,,13.5710977,,-,,-,,-,,-,,-,,-,,-,,-,,-,,-,,-,,-,,
,"Gas oil for heating purposes",3.4594271,,1.232632,,1.232632,,-,,-,,-,,-,,-,,-,,-,,-,,-,,-,,-,,
,"Diesel",-,,-,,-,,0.0394334,,-,,-,,-,,-,,-,,-,,-,,-,,-,,-,,
,"Gasoline",-,,-,,-,,-,,-,,-,,-,,-,,-,,-,,-,,-,,-,,-,,
,"Kerosene",-,,-,,-,,-,,-,,-,,-,,-,,-,,-,,-,,-,,-,,-,,
,"LPG",0.2171099,,0.2804207,,0.531914,,-0,,-,,-,,-,,-,,-,,-,,-,,-,,-,,-,,
,"Natural gas",18.5949279,,489.8929518,,109.2838123,,-,,-,,-,,-,,-,,-,,-,,-,,-,,-,,-,,
,"Electricity",16.6992131,,1.2208302,,18.1380487,,338.6059764,,-,,61.3467176,,-,,-,,-,,-,,-,,-,,-,,-,,
,"District heat",49.7497384,,131.6344754,,1.7211908,,-,,-,,-,,-,,-,,-,,-,,-,,-,,-,,-,,
,"Fuel wood",-,,-,,-,,-,,-,,-,,-,,-,,-,,-,,-,,-,,-,,-,,
,"Biofuels",-,,81.6384786,,-,,-,,-,,-,,-,,-,,-,,-,,-,,-,,-,,-,,
,"Non-renewable waste",-,,-,,-,,-,,-,,-,,-,,-,,-,,-,,-,,-,,-,,-,,
,"Other fuels",0.0483746,,-,,-,,-,,-,,-,,-,,-,,-,,-,,-,,-,,-,,-,,
"Non-ferrous metals","Hard coal",-,,-,,-,,-,,-,,-,,-,,-,,-,,-,,-,,-,,-,,-,,
,"Brown coal",-,,-,,-,,-,,-,,-,,-,,-,,-,,-,,-,,-,,-,,-,,
,"Coke",-,,-,,-,,-,,-,,-,,-,,-,,-,,-,,-,,-,,-,,-,,
,"Petrol coke",-,,-,,-,,-,,-,,-,,-,,-,,-,,-,,-,,-,,-,,-,,
,"Fuel oil",-,,-,,-,,-,,-,,-,,-,,-,,-,,-,,-,,-,,-,,-,,
,"Gas oil for heating purposes",-,,-,,-,,-,,-,,-,,-,,-,,-,,-,,-,,-,,-,,-,,
,"Diesel",-,,-,,-,,0.0057141,,-,,-,,-,,-,,-,,-,,-,,-,,-,,-,,
,"Gasoline",-,,-,,-,,-,,-,,-,,-,,-,,-,,-,,-,,-,,-,,-,,
,"Kerosene",-,,-,,-,,-,,-,,-,,-,,-,,-,,-,,-,,-,,-,,-,,
,"LPG",-,,-,,-,,-,,-,,-,,-,,-,,-,,-,,-,,-,,-,,-,,
,"Natural gas",0.0143702,,0.0173907,,0.8834476,,0.0000915,,-,,-,,-,,-,,-,,-,,-,,-,,-,,-,,
,"Electricity",0.2970691,,0.0498506,,2.223949,,6.8865098,,-,,0.7162214,,-,,-,,-,,-,,-,,-,,-,,-,,
,"District heat",5.0976,,-,,-,,-,,-,,-,,-,,-,,-,,-,,-,,-,,-,,-,,
,"Fuel wood",-,,-,,-,,-,,-,,-,,-,,-,,-,,-,,-,,-,,-,,-,,
,"Biofuels",-,,0.0298994,,-,,-,,-,,-,,-,,-,,-,,-,,-,,-,,-,,-,,
,"Non-renewable waste",-,,-,,-,,-,,-,,-,,-,,-,,-,,-,,-,,-,,-,,-,,
,"Other fuels",-,,-,,-,,-,,-,,-,,-,,-,,-,,-,,-,,-,,-,,-,,
"Non-metallic minerals","Hard coal",-,,-,,-,,-,,-,,-,,-,,-,,-,,-,,-,,-,,-,,-,,
,"Brown coal",-,,-,,-,,-,,-,,-,,-,,-,,-,,-,,-,,-,,-,,-,,
,"Coke",-,,-,,0.0118975,,-,,-,,-,,-,,-,,-,,-,,-,,-,,-,,-,,
,"Petrol coke",-,,-,,-,,-,,-,,-,,-,,-,,-,,-,,-,,-,,-,,-,,
,"Fuel oil",0.4615903,,0.1178253,,5.8945019,,-,,-,,-,,-,,-,,-,,-,,-,,-,,-,,-,,
,"Gas oil for heating purposes",1.1591563,,-,,1.8649927,,-,,-,,-,,-,,-,,-,,-,,-,,-,,-,,-,,
,"Diesel",-,,-,,-,,5.5270279,,-,,-,,-,,-,,-,,-,,-,,-,,-,,-,,
,"Gasoline",-,,-,,-,,-,,-,,-,,-,,-,,-,,-,,-,,-,,-,,-,,
,"Kerosene",-,,-,,-,,-,,-,,-,,-,,-,,-,,-,,-,,-,,-,,-,,
,"LPG",0.0426586,,-,,0.5886886,,0.0029813,,-,,-,,-,,-,,-,,-,,-,,-,,-,,-,,
,"Natural gas",3.8055756,,7.8468948,,72.54168,,-,,-,,-,,-,,-,,-,,-,,-,,-,,-,,-,,
,"Electricity",0.6559768,,-,,4.0675833,,19.7451665,,-,,1.875725,,-,,-,,-,,-,,-,,-,,-,,-,,
,"District heat",0.4390485,,-,,-,,-,,-,,-,,-,,-,,-,,-,,-,,-,,-,,-,,
,"Fuel wood",0.0003689,,-,,-,,-,,-,,-,,-,,-,,-,,-,,-,,-,,-,,-,,
,"Biofuels",0.1412477,,-,,4.9950334,,-,,-,,-,,-,,-,,-,,-,,-,,-,,-,,-,,
,"Non-renewable waste",-,,-,,-,,-,,-,,-,,-,,-,,-,,-,,-,,-,,-,,-,,
,"Other fuels",-,,-,,-,,-,,-,,-,,-,,-,,-,,-,,-,,-,,-,,-,,
"Transport equipment","Hard coal",-,,-,,-,,-,,-,,-,,-,,-,,-,,-,,-,,-,,-,,-,,
,"Brown coal",-,,-,,-,,-,,-,,-,,-,,-,,-,,-,,-,,-,,-,,-,,
,"Coke",-,,-,,-,,-,,-,,-,,-,,-,,-,,-,,-,,-,,-,,-,,
,"Petrol coke",-,,-,,-,,-,,-,,-,,-,,-,,-,,-,,-,,-,,-,,-,,
,"Fuel oil",0.5660221,,-,,0.8973236,,-,,-,,-,,-,,-,,-,,-,,-,,-,,-,,-,,
,"Gas oil for heating purposes",0.3934398,,-,,0.1406172,,-,,-,,-,,-,,-,,-,,-,,-,,-,,-,,-,,
,"Diesel",-,,-,,-,,0.8471332,,-,,-,,-,,-,,-,,-,,-,,-,,-,,-,,
,"Gasoline",-,,-,,-,,1.1031877,,-,,-,,-,,-,,-,,-,,-,,-,,-,,-,,
,"Kerosene",-,,-,,-,,-,,-,,-,,-,,-,,-,,-,,-,,-,,-,,-,,
,"LPG",3.2517957,,-,,3.2517957,,-,,-,,-,,-,,-,,-,,-,,-,,-,,-,,-,,
,"Natural gas",39.9892975,,4.6790756,,33.1878391,,4.0890696,,-,,-,,-,,-,,-,,-,,-,,-,,-,,-,,
,"Electricity",56.5909315,,1.9696334,,33.339649,,288.1429603,,-,,100.2591461,,0.0960797,,-,,-,,-,,-,,-,,-,,-,,
,"District heat",120.4143282,,5.8340535,,7.560184,,-,,-,,-,,-,,-,,-,,-,,-,,-,,-,,-,,
,"Fuel wood",-,,-,,-,,-,,-,,-,,-,,-,,-,,-,,-,,-,,-,,-,,
,"Biofuels",0.4580439,,-,,0.114511,,-,,-,,-,,-,,-,,-,,-,,-,,-,,-,,-,,
,"Non-renewable waste",-,,-,,-,,-,,-,,-,,-,,-,,-,,-,,-,,-,,-,,-,,
,"Other fuels",-,,-,,-,,-,,-,,-,,-,,-,,-,,-,,-,,-,,-,,-,,
"Machinery","Hard coal",-,,-,,-,,-,,-,,-,,-,,-,,-,,-,,-,,-,,-,,-,,
,"Brown coal",-,,-,,-,,-,,-,,-,,-,,-,,-,,-,,-,,-,,-,,-,,
,"Coke",-,,-,,-,,-,,-,,-,,-,,-,,-,,-,,-,,-,,-,,-,,
,"Petrol coke",-,,-,,-,,-,,-,,-,,-,,-,,-,,-,,-,,-,,-,,-,,
,"Fuel oil",8.5268083,,0.0034461,,2.9567566,,-,,-,,-,,-,,-,,-,,-,,-,,-,,-,,-,,
,"Gas oil for heating purposes",5.6851732,,-,,0.7591401,,-,,-,,-,,-,,-,,-,,-,,-,,-,,-,,-,,
,"Diesel",-,,-,,-,,17.9294193,,-,,-,,-,,-,,-,,-,,-,,-,,-,,-,,
,"Gasoline",-,,-,,-,,19.3010538,,-,,-,,-,,-,,-,,-,,-,,-,,-,,-,,
,"Kerosene",-,,-,,-,,-,,-,,-,,-,,-,,-,,-,,-,,-,,-,,-,,
,"LPG",1.0782509,,-,,4.3528555,,0.1818601,,-,,-,,-,,-,,-,,-,,-,,-,,-,,-,,
,"Natural gas",43.3181576,,2.1021124,,59.0160221,,0.1464158,,-,,-,,-,,-,,-,,-,,-,,-,,-,,-,,
,"Electricity",55.2296819,,1.3508671,,86.6113638,,296.2035903,,-,,79.5452897,,0.6234771,,-,,-,,-,,-,,-,,-,,-,,
,"District heat",160.0617961,,0.9484897,,5.3914151,,-,,-,,-,,-,,-,,-,,-,,-,,-,,-,,-,,
,"Fuel wood",-,,-,,-,,-,,-,,-,,-,,-,,-,,-,,-,,-,,-,,-,,
,"Biofuels",4.6759329,,0.3926969,,1.1058492,,-,,-,,-,,-,,-,,-,,-,,-,,-,,-,,-,,
,"Non-renewable waste",0.0857655,,0.0072028,,0.0202834,,-,,-,,-,,-,,-,,-,,-,,-,,-,,-,,-,,
,"Other fuels",4.4121321,,-,,-,,0.3004256,,-,,-,,-,,-,,-,,-,,-,,-,,-,,-,,
"Mining and quarrying","Hard coal",-,,-,,-,,-,,-,,-,,-,,-,,-,,-,,-,,-,,-,,-,,
,"Brown coal",-,,-,,-,,-,,-,,-,,-,,-,,-,,-,,-,,-,,-,,-,,
,"Coke",-,,-,,-,,-,,-,,-,,-,,-,,-,,-,,-,,-,,-,,-,,
,"Petrol coke",-,,-,,-,,-,,-,,-,,-,,-,,-,,-,,-,,-,,-,,-,,
,"Fuel oil",-,,-,,-,,-,,-,,-,,-,,-,,-,,-,,-,,-,,-,,-,,
,"Gas oil for heating purposes",-,,-,,-,,-,,-,,-,,-,,-,,-,,-,,-,,-,,-,,-,,
,"Diesel",-,,-,,-,,-,,-,,-,,-,,-,,-,,-,,-,,-,,-,,-,,
,"Gasoline",-,,-,,-,,-,,-,,-,,-,,-,,-,,-,,-,,-,,-,,-,,
,"Kerosene",-,,-,,-,,-,,-,,-,,-,,-,,-,,-,,-,,-,,-,,-,,
,"LPG",-,,-,,-,,-,,-,,-,,-,,-,,-,,-,,-,,-,,-,,-,,
,"Natural gas",-,,-,,-,,-,,-,,-,,-,,-,,-,,-,,-,,-,,-,,-,,
,"Electricity",-,,-,,-,,-,,-,,-,,-,,-,,-,,-,,-,,-,,-,,-,,
,"District heat",-,,-,,-,,-,,-,,-,,-,,-,,-,,-,,-,,-,,-,,-,,
,"Fuel wood",-,,-,,-,,-,,-,,-,,-,,-,,-,,-,,-,,-,,-,,-,,
,"Biofuels",-,,-,,-,,-,,-,,-,,-,,-,,-,,-,,-,,-,,-,,-,,
,"Non-renewable waste",-,,-,,-,,-,,-,,-,,-,,-,,-,,-,,-,,-,,-,,-,,
,"Other fuels",-,,-,,-,,-,,-,,-,,-,,-,,-,,-,,-,,-,,-,,-,,
"Food and tobacco","Hard coal",-,,-,,-,,-,,-,,-,,-,,-,,-,,-,,-,,-,,-,,-,,
,"Brown coal",-,,-,,-,,-,,-,,-,,-,,-,,-,,-,,-,,-,,-,,-,,
,"Coke",-,,-,,-,,-,,-,,-,,-,,-,,-,,-,,-,,-,,-,,-,,
,"Petrol coke",-,,-,,-,,-,,-,,-,,-,,-,,-,,-,,-,,-,,-,,-,,
,"Fuel oil",0.4375795,,0.8330376,,0.0708283,,-,,-,,-,,-,,-,,-,,-,,-,,-,,-,,-,,
,"Gas oil for heating purposes",0.5999027,,0.7701511,,0.0451448,,-,,-,,-,,-,,-,,-,,-,,-,,-,,-,,-,,
,"Diesel",-,,-,,-,,0.0746222,,-,,-,,-,,-,,-,,-,,-,,-,,-,,-,,
,"Gasoline",-,,-,,-,,-,,-,,-,,-,,-,,-,,-,,-,,-,,-,,-,,
,"Kerosene",-,,-,,-,,-,,-,,-,,-,,-,,-,,-,,-,,-,,-,,-,,
,"LPG",0.0018985,,0.051048,,0.4498865,,0.024522,,-,,-,,-,,-,,-,,-,,-,,-,,-,,-,,
,"Natural gas",183.0600907,,931.1858333,,146.4985023,,-,,-,,-,,-,,-,,-,,-,,-,,-,,-,,-,,
,"Electricity",33.6418656,,29.9951901,,32.20374,,344.0201767,,-,,73.7552962,,-,,-,,-,,-,,-,,-,,-,,-,,
,"District heat",0.3268735,,4.6373192,,2.9696297,,-,,-,,-,,-,,-,,-,,-,,-,,-,,-,,-,,
,"Fuel wood",-,,0.0005799,,-,,-,,-,,-,,-,,-,,-,,-,,-,,-,,-,,-,,
,"Biofuels",4.154895,,4.9787497,,-,,-,,-,,-,,-,,-,,-,,-,,-,,-,,-,,-,,
,"Non-renewable waste",0.0065946,,0.0079023,,-,,-,,-,,-,,-,,-,,-,,-,,-,,-,,-,,-,,
,"Other fuels",0.132107,,-,,-,,0.008642,,-,,-,,-,,-,,-,,-,,-,,-,,-,,-,,
"Paper, pulp and print","Hard coal",-,,-,,-,,-,,-,,-,,-,,-,,-,,-,,-,,-,,-,,-,,
,"Brown coal",-,,-,,-,,-,,-,,-,,-,,-,,-,,-,,-,,-,,-,,-,,
,"Coke",-,,-,,-,,-,,-,,-,,-,,-,,-,,-,,-,,-,,-,,-,,
,"Petrol coke",-,,-,,-,,-,,-,,-,,-,,-,,-,,-,,-,,-,,-,,-,,
,"Fuel oil",0.8823607,,5.2147335,,0.0603429,,-,,-,,-,,-,,-,,-,,-,,-,,-,,-,,-,,
,"Gas oil for heating purposes",1.4944469,,0.5699482,,0.1584918,,-,,-,,-,,-,,-,,-,,-,,-,,-,,-,,-,,
,"Diesel",-,,-,,-,,0.0075195,,-,,-,,-,,-,,-,,-,,-,,-,,-,,-,,
,"Gasoline",-,,-,,-,,-,,-,,-,,-,,-,,-,,-,,-,,-,,-,,-,,
,"Kerosene",-,,-,,-,,-,,-,,-,,-,,-,,-,,-,,-,,-,,-,,-,,
,"LPG",0.0007427,,-,,0.0082165,,-,,-,,-,,-,,-,,-,,-,,-,,-,,-,,-,,
,"Natural gas",2.8727844,,71.6934869,,65.5695515,,-0,,-,,-,,-,,-,,-,,-,,-,,-,,-,,-,,
,"Electricity",17.3065343,,17.8503189,,0.2127853,,176.5881215,,-,,24.4703047,,-,,-,,-,,-,,-,,-,,-,,-,,
,"District heat",2.5480919,,-,,25.4837227,,-,,-,,-,,-,,-,,-,,-,,-,,-,,-,,-,,
,"Fuel wood",-,,-,,-,,-,,-,,-,,-,,-,,-,,-,,-,,-,,-,,-,,
,"Biofuels",0.027694,,2.7417108,,-,,-,,-,,-,,-,,-,,-,,-,,-,,-,,-,,-,,
,"Non-renewable waste",-,,0.0797747,,-,,-,,-,,-,,-,,-,,-,,-,,-,,-,,-,,-,,
,"Other fuels",0.0967932,,-,,-,,-,,-,,-,,-,,-,,-,,-,,-,,-,,-,,-,,
"Wood and wood products","Hard coal",-,,-,,-,,-,,-,,-,,-,,-,,-,,-,,-,,-,,-,,-,,
,"Brown coal",-,,-,,-,,-,,-,,-,,-,,-,,-,,-,,-,,-,,-,,-,,
,"Coke",-,,-,,-,,-,,-,,-,,-,,-,,-,,-,,-,,-,,-,,-,,
,"Petrol coke",-,,-,,-,,-,,-,,-,,-,,-,,-,,-,,-,,-,,-,,-,,
,"Fuel oil",3.3670798,,-,,0.4042909,,-,,-,,-,,-,,-,,-,,-,,-,,-,,-,,-,,
,"Gas oil for heating purposes",1.2502337,,-,,0.1501177,,-,,-,,-,,-,,-,,-,,-,,-,,-,,-,,-,,
,"Diesel",-,,-,,-,,1.0650982,,-,,-,,-,,-,,-,,-,,-,,-,,-,,-,,
,"Gasoline",-,,-,,-,,-,,-,,-,,-,,-,,-,,-,,-,,-,,-,,-,,
,"Kerosene",-,,-,,-,,-,,-,,-,,-,,-,,-,,-,,-,,-,,-,,-,,
,"LPG",-,,-,,-,,0.2966146,,-,,-,,-,,-,,-,,-,,-,,-,,-,,-,,
,"Natural gas",1.4500673,,11.361576,,5.2915689,,-,,-,,-,,-,,-,,-,,-,,-,,-,,-,,-,,
,"Electricity",2.1332658,,1.204497,,0.5127578,,40.9238738,,-,,3.598979,,-,,-,,-,,-,,-,,-,,-,,-,,
,"District heat",7.2047613,,0.6009791,,15.4880239,,-,,-,,-,,-,,-,,-,,-,,-,,-,,-,,-,,
,"Fuel wood",-,,-,,-,,-,,-,,-,,-,,-,,-,,-,,-,,-,,-,,-,,
,"Biofuels",7.5718671,,-,,86.1393589,,-,,-,,-,,-,,-,,-,,-,,-,,-,,-,,-,,
,"Non-renewable waste",-,,-,,-,,-,,-,,-,,-,,-,,-,,-,,-,,-,,-,,-,,
,"Other fuels",-,,-,,-,,-,,-,,-,,-,,-,,-,,-,,-,,-,,-,,-,,
"Construction","Hard coal",-,,-,,-,,-,,-,,-,,-,,-,,-,,-,,-,,-,,-,,-,,
,"Brown coal",-,,-,,-,,-,,-,,-,,-,,-,,-,,-,,-,,-,,-,,-,,
,"Coke",-,,-,,-,,-,,-,,-,,-,,-,,-,,-,,-,,-,,-,,-,,
,"Petrol coke",-,,-,,-,,-,,-,,-,,-,,-,,-,,-,,-,,-,,-,,-,,
,"Fuel oil",16.1984416,,-,,6.674252,,-,,-,,-,,-,,-,,-,,-,,-,,-,,-,,-,,
,"Gas oil for heating purposes",9.5247642,,-,,3.9244934,,-,,-,,-,,-,,-,,-,,-,,-,,-,,-,,-,,
,"Diesel",-,,-,,-,,1207.248333,,-,,-,,-,,-,,-,,-,,-,,-,,-,,-,,
,"Gasoline",-,,-,,-,,6.050256,,-,,-,,-,,-,,-,,-,,-,,-,,-,,-,,
,"Kerosene",-,,-,,-,,-,,-,,-,,-,,-,,-,,-,,-,,-,,-,,-,,
,"LPG",2.2301908,,-,,15.229925,,0.1977683,,-,,-,,-,,-,,-,,-,,-,,-,,-,,-,,
,"Natural gas",165.2749549,,23.8723592,,120.4172709,,0.8692146,,-,,-,,-,,-,,-,,-,,-,,-,,-,,-,,
,"Electricity",59.1148785,,-,,3.7739823,,160.7195926,,-,,101.7023171,,0.0325343,,-,,-,,-,,-,,-,,-,,-,,
,"District heat",43.7197048,,-,,-,,-,,-,,-,,-,,-,,-,,-,,-,,-,,-,,-,,
,"Fuel wood",0.2488528,,-,,-,,-,,-,,-,,-,,-,,-,,-,,-,,-,,-,,-,,
,"Biofuels",93.2291272,,-,,5.6247878,,-,,-,,-,,-,,-,,-,,-,,-,,-,,-,,-,,
,"Non-renewable waste",0.1220251,,-,,-,,-,,-,,-,,-,,-,,-,,-,,-,,-,,-,,-,,
,"Other fuels",1.1258981,,-,,-,,0.0739081,,-,,-,,-,,-,,-,,-,,-,,-,,-,,-,,
"Textile and leather","Hard coal",-,,-,,-,,-,,-,,-,,-,,-,,-,,-,,-,,-,,-,,-,,
,"Brown coal",-,,-,,-,,-,,-,,-,,-,,-,,-,,-,,-,,-,,-,,-,,
,"Coke",-,,-,,-,,-,,-,,-,,-,,-,,-,,-,,-,,-,,-,,-,,
,"Petrol coke",-,,-,,-,,-,,-,,-,,-,,-,,-,,-,,-,,-,,-,,-,,
,"Fuel oil",0.4210943,,0.2025643,,-,,-,,-,,-,,-,,-,,-,,-,,-,,-,,-,,-,,
,"Gas oil for heating purposes",0.1619803,,0.0779194,,-,,-,,-,,-,,-,,-,,-,,-,,-,,-,,-,,-,,
,"Diesel",-,,-,,-,,0.2745907,,-,,-,,-,,-,,-,,-,,-,,-,,-,,-,,
,"Gasoline",-,,-,,-,,-,,-,,-,,-,,-,,-,,-,,-,,-,,-,,-,,
,"Kerosene",-,,-,,-,,-,,-,,-,,-,,-,,-,,-,,-,,-,,-,,-,,
,"LPG",-,,-,,-,,0.1236273,,-,,-,,-,,-,,-,,-,,-,,-,,-,,-,,
,"Natural gas",8.960883,,20.5545419,,-,,-,,-,,-,,-,,-,,-,,-,,-,,-,,-,,-,,
,"Electricity",3.0465637,,1.2430137,,-,,13.0811459,,-,,2.2972152,,-,,-,,-,,-,,-,,-,,-,,-,,
,"District heat",0.2889388,,-,,-,,-,,-,,-,,-,,-,,-,,-,,-,,-,,-,,-,,
,"Fuel wood",-,,-,,-,,-,,-,,-,,-,,-,,-,,-,,-,,-,,-,,-,,
,"Biofuels",0.2318924,,-,,-,,-,,-,,-,,-,,-,,-,,-,,-,,-,,-,,-,,
,"Non-renewable waste",-,,-,,-,,-,,-,,-,,-,,-,,-,,-,,-,,-,,-,,-,,
,"Other fuels",0.0026426,,-,,-,,-,,-,,-,,-,,-,,-,,-,,-,,-,,-,,-,,
"Non-specified","Hard coal",-,,-,,-,,-,,-,,-,,-,,-,,-,,-,,-,,-,,-,,-,,
,"Brown coal",-,,-,,-,,-,,-,,-,,-,,-,,-,,-,,-,,-,,-,,-,,
,"Coke",-,,-,,-,,-,,-,,-,,-,,-,,-,,-,,-,,-,,-,,-,,
,"Petrol coke",-,,-,,-,,-,,-,,-,,-,,-,,-,,-,,-,,-,,-,,-,,
,"Fuel oil",2.1018321,,0.5427237,,0.411321,,-,,-,,-,,-,,-,,-,,-,,-,,-,,-,,-,,
,"Gas oil for heating purposes",1.4269229,,-,,-,,-,,-,,-,,-,,-,,-,,-,,-,,-,,-,,-,,
,"Diesel",-,,-,,-,,0.4619187,,-,,-,,-,,-,,-,,-,,-,,-,,-,,-,,
,"Gasoline",-,,-,,-,,-,,-,,-,,-,,-,,-,,-,,-,,-,,-,,-,,
,"Kerosene",-,,-,,-,,-,,-,,-,,-,,-,,-,,-,,-,,-,,-,,-,,
,"LPG",0.0190258,,-,,0.2717384,,0.0014905,,-,,-,,-,,-,,-,,-,,-,,-,,-,,-,,
,"Natural gas",14.6300004,,9.855649,,8.8547368,,0.0233546,,-,,-,,-,,-,,-,,-,,-,,-,,-,,-,,
,"Electricity",10.6185039,,15.0350497,,12.8580998,,95.7544729,,-,,22.348975,,-,,-,,-,,-,,-,,-,,-,,-,,
,"District heat",15.1070045,,1.2218658,,18.5389555,,-,,-,,-,,-,,-,,-,,-,,-,,-,,-,,-,,
,"Fuel wood",0.2822808,,-,,-,,-,,-,,-,,-,,-,,-,,-,,-,,-,,-,,-,,
,"Biofuels",5.7755953,,-,,-,,-,,-,,-,,-,,-,,-,,-,,-,,-,,-,,-,,
,"Non-renewable waste",0.9692133,,-,,-,,-,,-,,-,,-,,-,,-,,-,,-,,-,,-,,-,,
,"Other fuels",0.1838374,,-,,-,,-,,-,,-,,-,,-,,-,,-,,-,,-,,-,,-,,
"Rail","Hard coal",-,,-,,-,,-,,0.27802,,-,,-,,-,,-,,-,,-,,-,,-,,-,,
,"Brown coal",-,,-,,-,,-,,-,,-,,-,,-,,-,,-,,-,,-,,-,,-,,
,"Coke",-,,-,,-,,-,,-,,-,,-,,-,,-,,-,,-,,-,,-,,-,,
,"Petrol coke",-,,-,,-,,-,,-,,-,,-,,-,,-,,-,,-,,-,,-,,-,,
,"Fuel oil",-,,-,,-,,-,,-,,-,,-,,-,,-,,-,,-,,-,,-,,-,,
,"Gas oil for heating purposes",-,,-,,-,,-,,-,,-,,-,,-,,-,,-,,-,,-,,-,,-,,
,"Diesel",-,,-,,-,,-,,158.154331,,-,,-,,-,,-,,-,,-,,-,,-,,-,,
,"Gasoline",-,,-,,-,,-,,-,,-,,-,,-,,-,,-,,-,,-,,-,,-,,
,"Kerosene",-,,-,,-,,-,,-,,-,,-,,-,,-,,-,,-,,-,,-,,-,,
,"LPG",-,,-,,-,,-,,-,,-,,-,,-,,-,,-,,-,,-,,-,,-,,
,"Natural gas",-,,-,,-,,-,,-,,-,,-,,-,,-,,-,,-,,-,,-,,-,,
,"Electricity",-,,-,,-,,-,,699.4268623,,-,,-,,-,,-,,-,,-,,-,,-,,-,,
,"District heat",-,,-,,-,,-,,-,,-,,-,,-,,-,,-,,-,,-,,-,,-,,
,"Fuel wood",-,,-,,-,,-,,-,,-,,-,,-,,-,,-,,-,,-,,-,,-,,
,"Biofuels",-,,-,,-,,-,,9.3278025,,-,,-,,-,,-,,-,,-,,-,,-,,-,,
,"Non-renewable waste",-,,-,,-,,-,,-,,-,,-,,-,,-,,-,,-,,-,,-,,-,,
,"Other fuels",-,,-,,-,,-,,-,,-,,-,,-,,-,,-,,-,,-,,-,,-,,
"Road","Hard coal",-,,-,,-,,-,,-,,-,,-,,-,,-,,-,,-,,-,,-,,-,,
,"Brown coal",-,,-,,-,,-,,-,,-,,-,,-,,-,,-,,-,,-,,-,,-,,
,"Coke",-,,-,,-,,-,,-,,-,,-,,-,,-,,-,,-,,-,,-,,-,,
,"Petrol coke",-,,-,,-,,-,,-,,-,,-,,-,,-,,-,,-,,-,,-,,-,,
,"Fuel oil",-,,-,,-,,-,,-,,-,,-,,-,,-,,-,,-,,-,,-,,-,,
,"Gas oil for heating purposes",-,,-,,-,,-,,-,,-,,-,,-,,-,,-,,-,,-,,-,,-,,
,"Diesel",-,,-,,-,,-,,34686.71017,,-,,-,,-,,-,,-,,-,,-,,-,,-,,
,"Gasoline",-,,-,,-,,-,,9863.374134,,-,,-,,-,,-,,-,,-,,-,,-,,-,,
,"Kerosene",-,,-,,-,,-,,-,,-,,-,,-,,-,,-,,-,,-,,-,,-,,
,"LPG",-,,-,,-,,-,,264.6310354,,-,,-,,-,,-,,-,,-,,-,,-,,-,,
,"Natural gas",-,,-,,-,,-,,101.9254929,,-,,-,,-,,-,,-,,-,,-,,-,,-,,
,"Electricity",-,,-,,-,,-,,1628.687051,,-,,-,,-,,-,,-,,-,,-,,-,,-,,
,"District heat",-,,-,,-,,-,,-,,-,,-,,-,,-,,-,,-,,-,,-,,-,,
,"Fuel wood",-,,-,,-,,-,,-,,-,,-,,-,,-,,-,,-,,-,,-,,-,,
,"Biofuels",-,,-,,-,,-,,2821.1001,,-,,-,,-,,-,,-,,-,,-,,-,,-,,
,"Non-renewable waste",-,,-,,-,,-,,-,,-,,-,,-,,-,,-,,-,,-,,-,,-,,
,"Other fuels",-,,-,,-,,-,,-,,-,,-,,-,,-,,-,,-,,-,,-,,-,,
"Pipeline transport","Hard coal",-,,-,,-,,-,,-,,-,,-,,-,,-,,-,,-,,-,,-,,-,,
,"Brown coal",-,,-,,-,,-,,-,,-,,-,,-,,-,,-,,-,,-,,-,,-,,
,"Coke",-,,-,,-,,-,,-,,-,,-,,-,,-,,-,,-,,-,,-,,-,,
,"Petrol coke",-,,-,,-,,-,,-,,-,,-,,-,,-,,-,,-,,-,,-,,-,,
,"Fuel oil",-,,-,,-,,-,,-,,-,,-,,-,,-,,-,,-,,-,,-,,-,,
,"Gas oil for heating purposes",-,,-,,-,,-,,-,,-,,-,,-,,-,,-,,-,,-,,-,,-,,
,"Diesel",-,,-,,-,,-,,-,,-,,-,,-,,-,,-,,-,,-,,-,,-,,
,"Gasoline",-,,-,,-,,-,,-,,-,,-,,-,,-,,-,,-,,-,,-,,-,,
,"Kerosene",-,,-,,-,,-,,-,,-,,-,,-,,-,,-,,-,,-,,-,,-,,
,"LPG",-,,-,,-,,-,,-,,-,,-,,-,,-,,-,,-,,-,,-,,-,,
,"Natural gas",-,,-,,-,,-,,-,,-,,-,,-,,-,,-,,-,,-,,-,,-,,
,"Electricity",-,,-,,-,,-,,-,,-,,-,,-,,-,,-,,-,,-,,-,,-,,
,"District heat",-,,-,,-,,-,,-,,-,,-,,-,,-,,-,,-,,-,,-,,-,,
,"Fuel wood",-,,-,,-,,-,,-,,-,,-,,-,,-,,-,,-,,-,,-,,-,,
,"Biofuels",-,,-,,-,,-,,-,,-,,-,,-,,-,,-,,-,,-,,-,,-,,
,"Non-renewable waste",-,,-,,-,,-,,-,,-,,-,,-,,-,,-,,-,,-,,-,,-,,
,"Other fuels",-,,-,,-,,-,,-,,-,,-,,-,,-,,-,,-,,-,,-,,-,,
"Domestic navigation","Hard coal",-,,-,,-,,-,,-,,-,,-,,-,,-,,-,,-,,-,,-,,-,,
,"Brown coal",-,,-,,-,,-,,-,,-,,-,,-,,-,,-,,-,,-,,-,,-,,
,"Coke",-,,-,,-,,-,,-,,-,,-,,-,,-,,-,,-,,-,,-,,-,,
,"Petrol coke",-,,-,,-,,-,,-,,-,,-,,-,,-,,-,,-,,-,,-,,-,,
,"Fuel oil",-,,-,,-,,-,,-,,-,,-,,-,,-,,-,,-,,-,,-,,-,,
,"Gas oil for heating purposes",-,,-,,-,,-,,-,,-,,-,,-,,-,,-,,-,,-,,-,,-,,
,"Diesel",-,,-,,-,,-,,109.5164028,,-,,-,,-,,-,,-,,-,,-,,-,,-,,
,"Gasoline",-,,-,,-,,-,,6.9658857,,-,,-,,-,,-,,-,,-,,-,,-,,-,,
,"Kerosene",-,,-,,-,,-,,-,,-,,-,,-,,-,,-,,-,,-,,-,,-,,
,"LPG",-,,-,,-,,-,,-,,-,,-,,-,,-,,-,,-,,-,,-,,-,,
,"Natural gas",-,,-,,-,,-,,-,,-,,-,,-,,-,,-,,-,,-,,-,,-,,
,"Electricity",-,,-,,-,,-,,-,,-,,-,,-,,-,,-,,-,,-,,-,,-,,
,"District heat",-,,-,,-,,-,,-,,-,,-,,-,,-,,-,,-,,-,,-,,-,,
,"Fuel wood",-,,-,,-,,-,,-,,-,,-,,-,,-,,-,,-,,-,,-,,-,,
,"Biofuels",-,,-,,-,,-,,-,,-,,-,,-,,-,,-,,-,,-,,-,,-,,
,"Non-renewable waste",-,,-,,-,,-,,-,,-,,-,,-,,-,,-,,-,,-,,-,,-,,
,"Other fuels",-,,-,,-,,-,,-,,-,,-,,-,,-,,-,,-,,-,,-,,-,,
"Aviation","Hard coal",-,,-,,-,,-,,-,,-,,-,,-,,-,,-,,-,,-,,-,,-,,
,"Brown coal",-,,-,,-,,-,,-,,-,,-,,-,,-,,-,,-,,-,,-,,-,,
,"Coke",-,,-,,-,,-,,-,,-,,-,,-,,-,,-,,-,,-,,-,,-,,
,"Petrol coke",-,,-,,-,,-,,-,,-,,-,,-,,-,,-,,-,,-,,-,,-,,
,"Fuel oil",-,,-,,-,,-,,-,,-,,-,,-,,-,,-,,-,,-,,-,,-,,
,"Gas oil for heating purposes",-,,-,,-,,-,,-,,-,,-,,-,,-,,-,,-,,-,,-,,-,,
,"Diesel",-,,-,,-,,-,,-,,-,,-,,-,,-,,-,,-,,-,,-,,-,,
,"Gasoline",-,,-,,-,,-,,0.1099493,,-,,-,,-,,-,,-,,-,,-,,-,,-,,
,"Kerosene",-,,-,,-,,-,,1.3080227,,-,,-,,-,,-,,-,,-,,-,,-,,-,,
,"LPG",-,,-,,-,,-,,-,,-,,-,,-,,-,,-,,-,,-,,-,,-,,
,"Natural gas",-,,-,,-,,-,,-,,-,,-,,-,,-,,-,,-,,-,,-,,-,,
,"Electricity",-,,-,,-,,-,,-,,-,,-,,-,,-,,-,,-,,-,,-,,-,,
,"District heat",-,,-,,-,,-,,-,,-,,-,,-,,-,,-,,-,,-,,-,,-,,
,"Fuel wood",-,,-,,-,,-,,-,,-,,-,,-,,-,,-,,-,,-,,-,,-,,
,"Biofuels",-,,-,,-,,-,,-,,-,,-,,-,,-,,-,,-,,-,,-,,-,,
,"Non-renewable waste",-,,-,,-,,-,,-,,-,,-,,-,,-,,-,,-,,-,,-,,-,,
,"Other fuels",-,,-,,-,,-,,-,,-,,-,,-,,-,,-,,-,,-,,-,,-,,
"Commerce and public services","Hard coal",-,,-,,-,,-,,-,,-,,-,,-,,-,,-,,-,,-,,-,,-,,
,"Brown coal",-,,-,,-,,-,,-,,-,,-,,-,,-,,-,,-,,-,,-,,-,,
,"Coke",-,,-,,-,,-,,-,,-,,-,,-,,-,,-,,-,,-,,-,,-,,
,"Petrol coke",-,,-,,-,,-,,-,,-,,-,,-,,-,,-,,-,,-,,-,,-,,
,"Fuel oil",68.6919017,,8.3202928,,1.7940375,,4.0012131,,-,,-,,-,,-,,-,,-,,-,,-,,-,,-,,
,"Gas oil for heating purposes",1686.259807,,25.5904173,,30.2580467,,-,,-,,-,,-,,-,,-,,-,,-,,-,,-,,-,,
,"Diesel",-,,-,,0.5087587,,237.3281331,,-,,-,,-,,-,,-,,-,,-,,-,,-,,-,,
,"Gasoline",-,,-,,0.0478795,,1.3998769,,-,,-,,-,,-,,-,,-,,-,,-,,-,,-,,
,"Kerosene",-,,-,,-,,-,,-,,-,,-,,-,,-,,-,,-,,-,,-,,-,,
,"LPG",31.2790764,,0.1694793,,3.9698281,,0.5411563,,-,,-,,-,,-,,-,,-,,-,,-,,-,,-,,
,"Natural gas",5130.055197,,808.4288982,,157.6688559,,124.1515202,,-,,-,,-,,-,,-,,-,,-,,-,,-,,-,,
,"Electricity",2711.395408,,-,,5980.062759,,1317.787044,,-,,4097.020623,,1.0665899,,-,,-,,-,,-,,-,,-,,-,,
,"District heat",9771.750665,,61.9511554,,-,,-,,-,,-,,-,,-,,-,,-,,-,,-,,-,,-,,
,"Fuel wood",20.8171829,,-,,3.7006821,,-,,-,,-,,-,,-,,-,,-,,-,,-,,-,,-,,
,"Biofuels",432.6535827,,-,,26.6857347,,-,,-,,-,,-,,-,,-,,-,,-,,-,,-,,-,,
,"Non-renewable waste",-,,-,,-,,-,,-,,-,,-,,-,,-,,-,,-,,-,,-,,-,,
,"Other fuels",251.559561,,-,,-,,-,,-,,-,,-,,-,,-,,-,,-,,-,,-,,-,,
"Residential","Hard coal",3.1810363,,-,,-,,-,,-,,-,,-,,-,,-,,-,,-,,-,,-,,-,,
,"Brown coal",3.5709328,,-,,-,,-,,-,,-,,-,,-,,-,,-,,-,,-,,-,,-,,
,"Coke",2.144262,,-,,-,,-,,-,,-,,-,,-,,-,,-,,-,,-,,-,,-,,
,"Petrol coke",-,,-,,-,,-,,-,,-,,-,,-,,-,,-,,-,,-,,-,,-,,
,"Fuel oil",-,,-,,-,,-,,-,,-,,-,,-,,-,,-,,-,,-,,-,,-,,
,"Gas oil for heating purposes",878.5337431,,-,,-,,-,,-,,-,,-,,-,,-,,-,,-,,-,,-,,-,,
,"Diesel",-,,-,,-,,-,,-,,-,,-,,-,,-,,-,,-,,-,,-,,-,,
,"Gasoline",-,,-,,-,,-,,-,,-,,-,,-,,-,,-,,-,,-,,-,,-,,
,"Kerosene",-,,-,,-,,-,,-,,-,,-,,-,,-,,-,,-,,-,,-,,-,,
,"LPG",5.283054,,-,,-,,-,,-,,-,,-,,-,,-,,-,,-,,-,,-,,-,,
,"Natural gas",17907.82662,,-,,-,,-,,-,,-,,-,,-,,-,,-,,-,,-,,-,,-,,
,"Electricity",3643.984533,,-,,-,,4834.072294,,-,,2337.773635,,-,,-,,-,,-,,-,,-,,-,,-,,
,"District heat",11397.37264,,-,,-,,-,,-,,-,,-,,-,,-,,-,,-,,-,,-,,-,,
,"Fuel wood",631.0399036,,-,,-,,-,,-,,-,,-,,-,,-,,-,,-,,-,,-,,-,,
,"Biofuels",325.1696983,,-,,-,,-,,-,,-,,-,,-,,-,,-,,-,,-,,-,,-,,
,"Non-renewable waste",-,,-,,-,,-,,-,,-,,-,,-,,-,,-,,-,,-,,-,,-,,
,"Other fuels",296.6501838,,-,,-,,-,,-,,-,,-,,-,,-,,-,,-,,-,,-,,-,,
"Agriculture","Hard coal",0.0093302,,-,,0.0140099,,-,,-,,-,,-,,-,,-,,-,,-,,-,,-,,-,,
,"Brown coal",0.1005305,,-,,-,,-,,-,,-,,-,,-,,-,,-,,-,,-,,-,,-,,
,"Coke",0.0493763,,-,,0.0001582,,-,,-,,-,,-,,-,,-,,-,,-,,-,,-,,-,,
,"Petrol coke",-,,-,,-,,-,,-,,-,,-,,-,,-,,-,,-,,-,,-,,-,,
,"Fuel oil",-,,-,,-,,-,,-,,-,,-,,-,,-,,-,,-,,-,,-,,-,,
,"Gas oil for heating purposes",2.6086015,,0.0588704,,-,,-,,-,,-,,-,,-,,-,,-,,-,,-,,-,,-,,
,"Diesel",-,,0.0113931,,-,,0.5529721,,21.8384047,,-,,-,,-,,-,,-,,-,,-,,-,,-,,
,"Gasoline",-,,-,,-,,0.4863664,,-,,-,,-,,-,,-,,-,,-,,-,,-,,-,,
,"Kerosene",-,,-,,-,,-,,-,,-,,-,,-,,-,,-,,-,,-,,-,,-,,
,"LPG",0.5226285,,-,,0.0025302,,0.0153953,,-,,-,,-,,-,,-,,-,,-,,-,,-,,-,,
,"Natural gas",202.1101156,,-,,52.2366401,,-,,-,,-,,-,,-,,-,,-,,-,,-,,-,,-,,
,"Electricity",37.2195967,,0.0483603,,0.7698613,,61.8473152,,-,,20.8561673,,0.2926118,,-,,-,,-,,-,,-,,-,,-,,
,"District heat",161.1149,,-,,-,,-,,-,,-,,-,,-,,-,,-,,-,,-,,-,,-,,
,"Fuel wood",24.6364227,,1.1159463,,14.0281662,,-,,-,,-,,-,,-,,-,,-,,-,,-,,-,,-,,
,"Biofuels",16.1303405,,-,,-,,0.0326304,,1.3129005,,-,,-,,-,,-,,-,,-,,-,,-,,-,,
,"Non-renewable waste",-,,-,,-,,-,,-,,-,,-,,-,,-,,-,,-,,-,,-,,-,,
,"Other fuels",4.0056045,,-,,-,,-,,-,,-,,-,,-,,-,,-,,-,,-,,-,,-,,